link,name,price,location
https://campsites.ph/campsite/angeles-campsite/223,Angeles Campsite,30,"san antonio, zambales"
https://campsites.ph/campsite/ahnung-spot-campsite/222,Ahnung Spot Campsite,100,"rodriguez (montalban), rizal"
https://campsites.ph/campsite/balite-falls-campsite-amadeo-cavite/221,"Balite Falls Campsite, Amadeo, Cavite",300,"amadeo, cavite"
https://campsites.ph/campsite/sentro-ng-bato-riverview-and-campsite/218,Sentro ng Bato Riverview and Campsite,160,"doña remedios trinidad, bulacan"
https://campsites.ph/campsite/the-buri-farm/214,The Buri Farm,7000,"pililla, rizal"
https://campsites.ph/campsite/greener-pasture-campsite/213,Greener Pasture Campsite,100,"maragondon, cavite"
https://campsites.ph/campsite/field-and-stream-campsite/212,Field and Stream Campsite,500,"tanay, rizal"
https://campsites.ph/campsite/splendor-hills/211,Splendor Hills,400," tanauan, batangas"
https://campsites.ph/campsite/marilaque-camp/210,Marilaque Camp,500,"tanay, rizal"
https://campsites.ph/campsite/francoelys-camping/202,FrancoEly's Camping,250,"davao city, davao del sur"
https://campsites.ph/campsite/mt-kulago/200,Mt. Kulago,2300,"impasug-ong, bukidnon"
https://campsites.ph/campsite/gulus/199,Gulus,300,"impasug-ong, bukidnon"
https://campsites.ph/campsite/panimahawa-ridge/198,Panimahawa Ridge,350,"impasug-ong, bukidnon"
https://campsites.ph/campsite/pine-ridge-bukidnon/197,Pine Ridge Bukidnon,300," malaybalay (capital), bukidnon"
https://campsites.ph/campsite/cliffside-camping-glamping/196,Cliffside Camping & Glamping,250,"impasug-ong, bukidnon"
https://campsites.ph/campsite/misty-mountain-haven/195,Misty Mountain Haven,250," malaybalay (capital), bukidnon"
https://campsites.ph/campsite/communal-ranch/194,Communal Ranch,200,"impasug-ong, bukidnon"
https://campsites.ph/campsite/ogaong-view-deck/193,Ogaong View Deck,100,"manolo fortich, bukidnon"
https://campsites.ph/campsite/highlights-park-chill/191,Highlights Park & Chill,50,"baungon, bukidnon"
https://campsites.ph/campsite/vista-del-paraiso/190,Vista del Paraiso,100,"balingoan, misamis oriental"
https://campsites.ph/campsite/morata-hikers-hub/189,Morata Hiker's Hub,100,"davao city, davao del sur"
https://campsites.ph/campsite/ben-cab-riverview-campsite/187,Ben-Cab RiverView Campsite,200,"nagcarlan, laguna"
https://campsites.ph/campsite/glue-varr-campsite-and-lodge-resort/186,Glue Varr Campsite and Lodge Resort,300,"kalayaan, laguna"
https://campsites.ph/campsite/larga-vista-campsite/184,Larga Vista Campsite,150,"rodriguez (montalban), rizal"
https://campsites.ph/campsite/papings-glampsite/183,Paping's Glampsite,3000,"magallanes, cavite"
https://campsites.ph/campsite/sbr-farm-camp/182,SBR Farm & Camp,500,"tanay, rizal"
https://campsites.ph/campsite/baluarte-ni-boss-ping/181,Baluarte ni Boss Ping,450,"norzagaray, bulacan"
https://campsites.ph/campsite/manariwa/180,Manariwa,300,"tanay, rizal"
https://campsites.ph/campsite/kang-jah-wa-campground/179,Kang - Jah Wa Campground,100,"palompon, leyte"
https://campsites.ph/campsite/darrporrt/178,Darrporrt,300," mati (capital), davao oriental"
https://campsites.ph/campsite/montana-conservation-camp/177,Montana Conservation Camp,3300,"gabaldon (bitulok & sabani), nueva ecija"
https://campsites.ph/campsite/m4-laiban-nature-and-campsite/176,M4 Laiban Nature and Campsite,,"tanay, rizal"
https://campsites.ph/campsite/maria-cristina-talim-camp-site/175,Maria Cristina Talim Camp Site,200,"lian, batangas"
https://campsites.ph/campsite/the-playground-at-cvm-ecopark/174,The Playground,200,"baras, rizal"
https://campsites.ph/campsite/hobbit-hill-of-albay/173,Hobbit Hill of Albay,700," ligao, albay"
https://campsites.ph/campsite/j-camp/171,J-Camp,100,"rodriguez (montalban), rizal"
https://campsites.ph/campsite/camp-jawie/170,Camp Jawie,1500,"cavinti, laguna"
https://campsites.ph/campsite/kamp-tralala/169,Kamp Tralala,350,"cavinti, laguna"
https://campsites.ph/campsite/mapanuepe-lake-camp-3-eagles-paradise/168,Mapanuepe Lake Camp 3 (Eagles Paradise),1000,"san marcelino, zambales"
https://campsites.ph/campsite/oslob-cebu-paragliding/166,"Oslob, Cebu Paragliding",200,"oslob, cebu"
https://campsites.ph/campsite/sanoba/165,Sanoba,3500,"agoo, la union"
https://campsites.ph/campsite/hb-nature-camp/163,H&B Nature Camp,200,"magdalena, laguna"
https://campsites.ph/campsite/el-paye-beach/162,El Paye Beach,400,"lian, batangas"
https://campsites.ph/campsite/casa-villanueva/161,Casa Villanueva,1600,"santa maria, laguna"
https://campsites.ph/campsite/kings-landing/160,Kings Landing,500,"cavinti, laguna"
https://campsites.ph/campsite/sparadise-campsite/158,Sparadise Campsite,1000,"magallanes, cavite"
https://campsites.ph/campsite/casa-de-familia/156,Casa de Familia,999,"lian, batangas"
https://campsites.ph/campsite/bituin-cove/155,Bituin Cove,120,"nasugbu, batangas"
https://campsites.ph/campsite/bivouac-by-maj-fourth/154,Bivouac by Maj Fourth,400,"tanay, rizal"
https://campsites.ph/campsite/kamp-amihan/153,Kamp Amihan,250,"tanay, rizal"
https://campsites.ph/campsite/julio-organico/152,Julio Organico,5400,"silang, cavite"
https://campsites.ph/campsite/la-vista-prutacio/151,La Vista Prutacio,300,"lian, batangas"
https://campsites.ph/campsite/green-narra-campsite/150,Green Narra Campsite,600,"tuba, benguet"
https://campsites.ph/campsite/the-beach-garage-campgrounds/149,The Beach Garage Campgrounds,500,"lian, batangas"
https://campsites.ph/campsite/lantaw-sa-agsam-campsite/148,Lantaw sa Agsam Campsite,500,"lanuza, surigao del sur"
https://campsites.ph/campsite/the-silent-sanctuary/147,The Silent Sanctuary,500,"cavinti, laguna"
https://campsites.ph/campsite/amianan-mountain-hug-eco-campsite-and-cafe/146,Amianan Mountain Hug Eco Campsite and Cafe,120,"san mateo, rizal"
https://campsites.ph/campsite/rotypeaks-ridge-camp/145,RotyPeaks Ridge Camp,450,"impasug-ong, bukidnon"
https://campsites.ph/campsite/brook-besor-camp/144,Brook Besor Camp,2000,"bagac, bataan"
https://campsites.ph/campsite/camp-fogwarts/143,Camp Fogwarts,1999,"tanay, rizal"
https://campsites.ph/campsite/tampisaw-camping-site/142,Tampisaw Camping Site,3500,"tanay, rizal"
https://campsites.ph/campsite/camp-lgbt-daraitan-tanay-rizal/141,Camp LGBT,999,"tanay, rizal"
https://campsites.ph/campsite/athenas-sanctuary/140,Athena's Sanctuary,1500," antipolo, rizal"
https://campsites.ph/campsite/dreamland-farm-resort-in-calawis/139,Dreamland Farm Resort,450," antipolo, rizal"
https://campsites.ph/campsite/alpas-nature-campsite/137,AlPas Nature Campsite,750,"san mateo, rizal"
https://campsites.ph/campsite/camp-kazoku-camp-omada/136,Camp Kazoku (Camp Omada),150,"santa maria, bulacan"
https://campsites.ph/campsite/lake-o-cali/134,Lake O' Cali,17000,"lumban, laguna"
https://campsites.ph/campsite/that-glamping-called-tadhana/133,That Glamping Called Tadhana,8000,"majayjay, laguna"
https://campsites.ph/campsite/the-secret-haven/132,The Secret Haven,199,"norzagaray, bulacan"
https://campsites.ph/campsite/camp-tabing-ilog-daraitan-rizal/131,Camp Tabing Ilog,500,"tanay, rizal"
https://campsites.ph/campsite/joe-eve-camp/130,Joe & Eve Camp,500,"tanay, rizal"
https://campsites.ph/campsite/kiudkad-the-last-resort/129,KiudKad - The Last Resort,4000,"siruma, camarines sur"
https://campsites.ph/campsite/anica-happy-nest-campsite/127,Anica Happy Nest Campsite,300,"cavinti, laguna"
https://campsites.ph/campsite/tanay-highlands/126,Tanay Highlands,1000,"tanay, rizal"
https://campsites.ph/campsite/camp-d-resos/124,Camp D' Resos,120,"pililla, rizal"
https://campsites.ph/campsite/wild-tuktuk-river-camp-3050f1/123,Wild Tuktuk River Camp,100,"amadeo, cavite"
https://campsites.ph/campsite/isla-de-cavana/121,Isla de Cavana,100,"gumaca, quezon"
https://campsites.ph/campsite/yvanders-natures-hills/120,Yvander’s Natures Hills,200,"nasugbu, batangas"
https://campsites.ph/campsite/yara-river-camp/119,Yara River Camp,100,"puerto princesa city (capital), palawan"
https://campsites.ph/campsite/rocks-of-pegasus/118,Rocks of Pegasus,1700,"tanay, rizal"
https://campsites.ph/campsite/yugto-campville/117,Yugto Campville,2500,"tanay, rizal"
https://campsites.ph/campsite/maragaha-campsite/114,Maragaha Campsite,350,"botolan, zambales"
https://campsites.ph/campsite/fortune-island/113,Fortune Island,500,"nasugbu, batangas"
https://campsites.ph/campsite/kamp-nirvana/112,Kamp Nirvana,300,"sampaloc, quezon"
https://campsites.ph/campsite/empire-dragon-campsite/111,Empire Dragon Campsite,400,"tanay, rizal"
https://campsites.ph/campsite/daang-hari-campgrounds/110,Daang Hari Campgrounds,250,"liliw, laguna"
https://campsites.ph/campsite/camp-likas/109,Camp Likas,350,"tanay, rizal"
https://campsites.ph/campsite/amandos-campsite/108,Amando's Campsite,100,"catanauan, quezon"
https://campsites.ph/campsite/maney-hill-camp/107,⁣⁣Maney Hill Camp,3500,"licuan-baay (licuan), abra"
https://campsites.ph/campsite/rancho-daguio/106,Rancho Daguio,200,"licuan-baay (licuan), abra"
https://campsites.ph/campsite/kampo-zorro/105,Kampo Zorro,200,"dolores, abra"
https://campsites.ph/campsite/quituinan-hills/104,Quituinan Hills,100,"camalig, albay"
https://campsites.ph/campsite/tara-sa-gulod/103,Tara sa Gulod,250,"tanay, rizal"
https://campsites.ph/campsite/gerald-paradise-adventure-campsite-farm/102,Gerald Paradise Adventure Campsite & Farm,100," antipolo, rizal"
https://campsites.ph/campsite/sierra-grove/101,Sierra Grove,800,"tanay, rizal"
https://campsites.ph/campsite/camp-spotted-woods/99,Camp Spotted Woods,500,"tiaong, quezon"
https://campsites.ph/campsite/lambingan-hills/45,Lambingan Hills,200,"tanay, rizal"
https://campsites.ph/campsite/treasure-mountain/43,Treasure Mountain,350,"tanay, rizal"
https://campsites.ph/campsite/camp-garay/42,Camp Garay,1000," antipolo, rizal"
https://campsites.ph/campsite/zion-grace-camp/41,Zion Grace Camp,350,"talisay, batangas"
https://campsites.ph/campsite/windfarm-nature-escape/40,Windfarm Nature Escape,250,"pililla, rizal"
https://campsites.ph/campsite/5558-campsite/39,5558 Campsite,500,"cavinti, laguna"
https://campsites.ph/campsite/bloc-camp-site/38,BLOC Camp Site,1900,"cavinti, laguna"
https://campsites.ph/campsite/kaliraya-surf-kamp/37,Kaliraya Surf Kamp,500,"cavinti, laguna"
https://campsites.ph/campsite/kamp-aleixo-island-glamping-and-lake-cabins/36,Kamp Aleixo Island Glamping and Lake Cabins,900,"cavinti, laguna"
https://campsites.ph/campsite/camp-aurora/35,Camp Aurora,3500,"cavinti, laguna"
https://campsites.ph/campsite/batis-ng-kalikasan/34,Batis ng Kalikasan,300,"santa maria, laguna"
https://campsites.ph/campsite/camp-constancia/32,Camp Constancia,300,"indang, cavite"
https://campsites.ph/campsite/dj-campsite-farm/31,D&J Campsite & Farm,2800,"doña remedios trinidad, bulacan"
https://campsites.ph/campsite/camp-well-river-valley/30,Camp Well River Valley,750,"tanay, rizal"
https://campsites.ph/campsite/mt-gulugod-baboy/29,Mt. Gulugod Baboy,60,"mabini, batangas"
https://campsites.ph/campsite/mt-kalugong-cultural-village/28,Mt. Kalugong Cultural Village,150,"la trinidad (capital), benguet"
https://campsites.ph/campsite/villa-karensa-farm/27,Villa Karensa Farm,1500,"general emilio aguinaldo, cavite"
https://campsites.ph/campsite/uncle-mikes-campsite/26,Uncle Mike's Campsite,3000,"gabaldon (bitulok & sabani), nueva ecija"
https://campsites.ph/campsite/valleypoint-campsite/25,Valleypoint Campsite,850,"tuba, benguet"
https://campsites.ph/campsite/hd-mountain-ville/24,HD Mountain Ville,350,"tuba, benguet"
https://campsites.ph/campsite/alapo-adventure-camp/23,ALAPO Adventure Camp,350,"la trinidad (capital), benguet"
https://campsites.ph/campsite/camp-khawa/22,Camp Khawa,300,"baguio city, benguet"
https://campsites.ph/campsite/amis-frente-lagos/20,Ami's Frente Lagos,700,"cavinti, laguna"
https://campsites.ph/campsite/santillana-hillside-farms/19,Santillana Hillside Farms,500,"arayat, pampanga"
https://campsites.ph/campsite/harvest-hills-family-farm/18,Harvest Hills Family Farm,400,"nasugbu, batangas"
https://campsites.ph/campsite/wk-forest-reserve-campgrounds/16,WK Forest Reserve & Campgrounds,300," antipolo, rizal"
https://campsites.ph/campsite/camp-majai-riverfront/15,Camp Majai Riverfront,300,"tanay, rizal"
https://campsites.ph/campsite/camp-boa/14,Camp BOA,800,"tanay, rizal"
https://campsites.ph/campsite/driftwoods-action-park/13,Driftwoods Action Park,500,"indang, cavite"
https://campsites.ph/campsite/18k-farmville/12,18K Farmville,300,"rosario, batangas"
https://campsites.ph/campsite/armichelles-haven/11,ArmiChelle's Haven,300,"alfonso, cavite"
https://campsites.ph/campsite/camp-ragsak/10,Camp Ragsak,300,"la trinidad (capital), benguet"
https://campsites.ph/campsite/pontanilla-beach-camp/8,Pontanilla Beach Camp,350,"lian, batangas"
https://campsites.ph/campsite/epic-parc-rainforest/7,Epic Parc Rainforest,550,"tanay, rizal"
https://campsites.ph/campsite/the-preserve/4,The Preserve,600,"tanay, rizal"
https://campsites.ph/campsite/camp-hiatus/3,Camp Hiatus,500,"tanay, rizal"
https://campsites.ph/campsite/bangkong-kahoy-valley/98,Bangkong Kahoy Valley,150,"dolores, quezon"
https://campsites.ph/campsite/dicasalarin-cove/96,Dicasalarin Cove,500,"baler (capital), aurora"
https://campsites.ph/campsite/paradiso-de-casiguran/95,Paradiso de Casiguran,50,"casiguran, aurora"
https://campsites.ph/campsite/catmon-camping-site/94,Catmon Camping Site,2500,"cavinti, laguna"
https://campsites.ph/campsite/lake-tabeo/93,Lake Tabeo,350,"kabayan, benguet"
https://campsites.ph/campsite/mayton-farm-river-adventure/92,Mayton Farm & River Adventure,600,"tanay, rizal"
https://campsites.ph/campsite/chandava-lake-resort/91,Chandava Lake Resort,300,"cavinti, laguna"
https://campsites.ph/campsite/tanawin-sa-gulod/90,Tanawin sa Gulod,300,"alfonso, cavite"
https://campsites.ph/campsite/blue-turtle-cove/89,Blue Turtle Cove,250,"morong, bataan"
https://campsites.ph/campsite/cafe-salvacion/88,Cafe Salvacion,250," dasmariñas, cavite"
https://campsites.ph/campsite/mapanuepe-lake/87,Mapanuepe Lake,700,"san marcelino, zambales"
https://campsites.ph/campsite/dapya-river/86,Dapya River,20,"cabangan, zambales"
https://campsites.ph/campsite/edwin-farm-resort/85,Edwin Farm Resort,250,"norzagaray, bulacan"
https://campsites.ph/campsite/the-backyard-glamp/84,The Backyard Glamp,5000,"doña remedios trinidad, bulacan"
https://campsites.ph/campsite/nature-venture-camp/83,Nature Venture Camp,350,"tanay, rizal"
https://campsites.ph/campsite/camp-sandugo/82,Camp Sandugo,350,"san mateo, rizal"
https://campsites.ph/campsite/dagat-dagatan-camp-site/81,Dagat-Dagatan Camp Site,250,"tanay, rizal"
https://campsites.ph/campsite/kamp-kawayan-nature-camp/80,Kamp Kawayan Nature Camp,350,"tanay, rizal"
https://campsites.ph/campsite/kamp-lema/79,Kamp Lema,500,"real, quezon"
https://campsites.ph/campsite/gabbys-little-farm/78,Gabby's Little Farm,200,"cebu city (capital), cebu"
https://campsites.ph/campsite/camp-fidel/77,Camp Fidel,2500,"silang, cavite"
https://campsites.ph/campsite/cuadra-del-pandayan-campsite/76,Cuadra Del Pandayan Campsite,100,"san juan, batangas"
https://campsites.ph/campsite/auroras-cottages/74,Aurora's Cottages,700,"lian, batangas"
https://campsites.ph/campsite/bongkawe-campers-ville/73,Bongkawe Campers Ville,250,"tanay, rizal"
https://campsites.ph/campsite/windyhill-agritourism-park/72,Windyhill Agritourism Park,200,"dingalan, aurora"
https://campsites.ph/campsite/tatlong-bato-campsite/71,Tatlong Bato Campsite,200,"tanay, rizal"
https://campsites.ph/campsite/pearl-beach-camp/70,Pearl Beach Camp,250,"medellin, cebu"
https://campsites.ph/campsite/paharuhay-campsite/69,Paharuhay Campsite,2500,"tabogon, cebu"
https://campsites.ph/campsite/jammes-campsite/68,Jamme's Campsite,1500,"cebu city (capital), cebu"
https://campsites.ph/campsite/bella-montana-farm/67,Bella Montana Farm,100,"bamban, tarlac"
https://campsites.ph/campsite/camp-morri/66,Camp Morri,300," antipolo, rizal"
https://campsites.ph/campsite/camp-sheva/65,Camp Sheva',125,"magalang, pampanga"
https://campsites.ph/campsite/marquez-bulalohan-camping-grounds/64,Marquez Bulalohan Camping Grounds,600,"real, quezon"
https://campsites.ph/campsite/hayati-river-kamp/63,Hayati River Kamp,800,"palauig, zambales"
https://campsites.ph/campsite/tinucan-river-and-nature-camp/62,Tinucan River and Nature Camp,500,"tanay, rizal"
https://campsites.ph/campsite/cauayan-forest-camping-resort/61,Cauayan Forest Camping Resort,450,"san jose, tarlac"
https://campsites.ph/campsite/coto-mines/60,Coto Mines,700,"masinloc, zambales"
https://campsites.ph/campsite/camp-cabaquilan/59,Camp Cabaquilan,350,"masinloc, zambales"
https://campsites.ph/campsite/the-shepherd-baptist-campsite/57,The Shepherd Baptist Campsite,200,"taysan, batangas"
https://campsites.ph/campsite/kuta-bungliw-eco-lodge-and-campsite/56,Kuta Bungliw Eco Lodge and Campsite,350,"general nakar, quezon"
https://campsites.ph/campsite/virfran-camp-ground/53,Virfran Camp Ground,200,"tagaytay city, cavite"
https://campsites.ph/campsite/bonne-riviere-nature-farm-resort/52,Bonne Riviere Nature Farm Resort,220,"indang, cavite"
https://campsites.ph/campsite/kalikasan-campsite/51,Kalikasan Campsite,1000,"tanay, rizal"
https://campsites.ph/campsite/ridges-and-clouds-nature-camp/50,Ridges and Clouds Nature Camp,2500,"tanay, rizal"
https://campsites.ph/campsite/rainbow-89-ecopark-camping-and-trekking/49,Rainbow 89 Ecopark,250,"tanay, rizal"
https://campsites.ph/campsite/tagpuan-camp-ecopark/48,Tagpuan Camp & Ecopark,1800,"tanay, rizal"
https://campsites.ph/campsite/two-rivers-teepees-treehouse/47,Two Rivers Teepees & Treehouse,599,"tanay, rizal"
https://campsites.ph/campsite/kamp-maysawa/46,Kamp Maysawa,3000,"tanay, rizal"
